doi,authorID
10.1152/ajpcell.00231.2024,steele2385
10.1152/ajpcell.00231.2024,syroid2434
10.1152/ajpcell.00231.2024,mombo5429
10.1152/ajpcell.00231.2024,raveetharan9581
10.1152/ajpcell.00231.2024,rebalka1281
10.1152/ajpcell.00231.2024,hawke4820
10.1016/j.jfca.2024.106663,sikora9101
10.1016/j.jfca.2024.106663,rzymski0364
10.1002/bit.28324,negulescu7935
10.1002/bit.28324,risner4073
10.1002/bit.28324,spang9375
10.1002/bit.28324,sumner5565
10.1002/bit.28324,block6641
10.1002/bit.28324,nandi0956
10.1002/bit.28324,mcdonald9968
10.3389/fcell.2022.858884,brookes9475
10.3389/fcell.2022.858884,thorpe5804
10.3389/fcell.2022.858884,rigby evans4124
10.3389/fcell.2022.858884,keeling9335
10.3389/fcell.2022.858884,lee0267
10.1016/j.ifset.2024.103734,jang5598
10.1016/j.ifset.2024.103734,han0494
10.1016/j.ifset.2024.103734,kim7552
10.1016/j.ifset.2024.103734,jang8753
10.1016/j.ifset.2024.103734,shim2522
10.1016/j.ifset.2024.103734,choi9310
10.3389/fsufs.2023.1127164,ho9460
10.3389/fsufs.2023.1127164,ou8027
10.3389/fsufs.2023.1127164,vijayan5633
10.1016/j.livsci.2021.104705,verbeke6525
10.1016/j.livsci.2021.104705,hung2335
10.1016/j.livsci.2021.104705,baum2623
10.1016/j.livsci.2021.104705,de steur0745
10.1016/j.meatsci.2019.04.004,bryant0969
10.1016/j.meatsci.2019.04.004,anderson0642
10.1016/j.meatsci.2019.04.004,asher4492
10.1016/j.meatsci.2019.04.004,green6726
10.1016/j.meatsci.2019.04.004,gasteratos1431
10.3389/fsufs.2023.1160458,hedberg5274
10.3390/su13137430,malavalli2900
10.3390/su13137430,hamid9494
10.3390/su13137430,kantono8455
10.3390/su13137430,liu7012
10.3390/su13137430,seyfoddin9905
10.1353/con.2013.0013,stephens0531
10.1038/s41538-019-0041-0,tiberius0872
10.1038/s41538-019-0041-0,borning8475
10.1038/s41538-019-0041-0,seeler9965
10.1016/j.biomaterials.2022.121615,liu0105
10.1016/j.biomaterials.2022.121615,wang5507
10.1016/j.biomaterials.2022.121615,ding7361
10.1016/j.biomaterials.2022.121615,deng9849
10.1016/j.biomaterials.2022.121615,zhang1738
10.1016/j.biomaterials.2022.121615,li4296
10.1016/j.biomaterials.2022.121615,shi6070
10.1016/j.biomaterials.2022.121615,wu5778
10.1016/j.biomaterials.2022.121615,liang3724
10.1016/j.biomaterials.2022.121615,yan0016
10.1016/j.biomaterials.2022.121615,liu5609
10.1016/j.biomaterials.2022.121615,du9727
10.1016/j.xpro.2023.102351,semper1012
10.1016/j.xpro.2023.102351,savchenko8049
10.1016/j.cej.2022.137455,zhuge8525
10.1016/j.cej.2022.137455,ding9391
10.1016/j.cej.2022.137455,zhang2409
10.1016/j.cej.2022.137455,zhang0154
10.1016/j.cej.2022.137455,wang7355
10.1016/j.cej.2022.137455,wang5859
10.1016/j.techsoc.2022.102116,reis0101
10.1016/j.techsoc.2022.102116,villar4099
10.1016/j.techsoc.2022.102116,prado gimenez9553
10.1016/j.techsoc.2022.102116,maiolino molento2411
10.1016/j.techsoc.2022.102116,ferri9778
10.3389/fbioe.2023.1116917,santos2518
10.3389/fbioe.2023.1116917,cotta0092
10.3389/fbioe.2023.1116917,santos7132
10.3389/fbioe.2023.1116917,camargos7575
10.3389/fbioe.2023.1116917,carmo5327
10.3389/fbioe.2023.1116917,alcântara7206
10.3389/fbioe.2023.1116917,fleck4962
10.3389/fbioe.2023.1116917,copola6051
10.3389/fbioe.2023.1116917,nogueira9802
10.3389/fbioe.2023.1116917,silva6984
10.3389/fbioe.2023.1116917,andrade8886
10.3389/fbioe.2023.1116917,ferreira6783
10.3389/fbioe.2023.1116917,jorge5388
10.1108/bfj-11-2022-1016,lewisch2811
10.1108/bfj-11-2022-1016,riefler9962
10.1108/bfj-08-2020-0698,munz fernandes4825
10.1108/bfj-08-2020-0698,teixeira costa7683
10.1108/bfj-08-2020-0698,de souza teixeira7100
10.1108/bfj-08-2020-0698,dos santos0975
10.1108/bfj-08-2020-0698,palma revillion4391
10.1108/bfj-08-2020-0698,leal de souza9928
10.1038/s43016-022-00603-x,broad1862
10.1038/s43016-022-00603-x,chiles8347
10.1016/j.foodres.2024.114303,lee5417
10.1016/j.foodres.2024.114303,yun1977
10.1016/j.foodres.2024.114303,lee4542
10.1016/j.foodres.2024.114303,lee2943
10.1016/j.foodres.2024.114303,mariano5004
10.1016/j.foodres.2024.114303,joo1941
10.1016/j.foodres.2024.114303,choi9767
10.1016/j.foodres.2024.114303,seok choi9949
10.1016/j.foodres.2024.114303,kim1959
10.1016/j.foodres.2024.114303,lee9174
10.1016/j.foodres.2024.114303,choi3406
10.1016/j.foodres.2024.114303,jin hur6870
10.5840/philtoday2022318444,burgat2372
10.5840/philtoday2022318444,lyman4530
10.5840/philtoday2022318444,james7847
10.5840/philtoday2022318444,NA9225
10.1016/j.appet.2022.106392,sun5044
10.1016/j.appet.2022.106392,ortega6227
10.1016/j.appet.2022.106392,lin2997
10.1016/j.foodpol.2020.101931,van loo1277
10.1016/j.foodpol.2020.101931,caputo7608
10.1016/j.foodpol.2020.101931,lusk4525
10.1007/s10806-017-9654-y,leroy9626
10.1007/s10806-017-9654-y,praet0621
10.1038/s41598-018-28746-7,ding0103
10.1038/s41598-018-28746-7,swennen2913
10.1038/s41598-018-28746-7,messmer9010
10.1038/s41598-018-28746-7,gagliardi2544
10.1038/s41598-018-28746-7,molin2294
10.1038/s41598-018-28746-7,li8708
10.1038/s41598-018-28746-7,zhou8722
10.1038/s41598-018-28746-7,post4881
10.1038/s41538-023-00178-2,yamamoto2936
10.1038/s41538-023-00178-2,inui-yamamoto0410
10.1021/acs.jafc.2c09059,lifshits3582
10.1021/acs.jafc.2c09059,rabin2143
10.1021/acs.jafc.2c09059,tohar7587
10.1021/acs.jafc.2c09059,netti9134
10.1021/acs.jafc.2c09059,gabay1150
10.1021/acs.jafc.2c09059,sova6883
10.1021/acs.jafc.2c09059,bar0168
10.1021/acs.jafc.2c09059,weinberg8921
10.1021/acs.jafc.2c09059,adler-abramovich0625
10.1021/acs.jafc.2c09059,gal8647
10.1016/j.foodres.2023.113617,lee0652
10.1016/j.foodres.2023.113617,yun2835
10.1016/j.foodres.2023.113617,lee5833
10.1016/j.foodres.2023.113617,lee4117
10.1016/j.foodres.2023.113617,jr. mariano5988
10.1016/j.foodres.2023.113617,joo5041
10.1016/j.foodres.2023.113617,choi5994
10.1016/j.foodres.2023.113617,choi6976
10.1016/j.foodres.2023.113617,kim7639
10.1016/j.foodres.2023.113617,lee0109
10.1016/j.foodres.2023.113617,choi3197
10.1016/j.foodres.2023.113617,hur9648
10.1021/acs.jafc.3c06638,li2903
10.1021/acs.jafc.3c06638,xie4298
10.1021/acs.jafc.3c06638,dou4765
10.1021/acs.jafc.3c06638,zhou3850
10.1021/acs.jafc.3c06638,mo3259
10.1021/acs.jafc.3c06638,chen2437
10.1371/journal.pone.0290169,skinner4355
10.1371/journal.pone.0290169,blake8996
10.1016/j.fbio.2022.101571,lei6826
10.1016/j.fbio.2022.101571,li3649
10.1016/j.fbio.2022.101571,du1179
10.1016/j.fbio.2022.101571,zhou3669
10.1016/j.fbio.2022.101571,guan5844
10.3390/cells13010041,singh8100
10.3390/cells13010041,singh3682
10.3390/cells13010041,kumar4569
10.3390/cells13010041,gupta4150
10.3390/cells13010041,kumar8631
10.3390/cells13010041,sarma4114
10.3390/cells13010041,singh4778
10.3390/cells13010041,kumawat4133
10.3390/cells13010041,verma3345
10.3390/foods13040563,lee5686
10.3390/foods13040563,kim4314
10.3390/foods13040563,kang1325
10.3390/foods13040563,park2068
10.3390/foods13040563,park1441
10.3390/foods13040563,choi0410
10.3390/foods13040563,choi6237
10.1038/s41538-022-00172-0,malerich7635
10.1038/s41538-022-00172-0,bryant3287
10.1016/j.meatsci.2022.108763,weinrich7450
10.1016/j.meatsci.2022.108763,strack2683
10.1016/j.meatsci.2022.108763,neugebauer4813
10.1038/s41538-022-00157-z,o’neill8034
10.1038/s41538-022-00157-z,ansel8326
10.1038/s41538-022-00157-z,kwong4123
10.1038/s41538-022-00157-z,plastino0001
10.1038/s41538-022-00157-z,nelson9141
10.1038/s41538-022-00157-z,baar8055
10.1038/s41538-022-00157-z,block6641
10.5851/kosfa.2022.e61,kim6160
10.5851/kosfa.2022.e61,kim6873
10.5851/kosfa.2022.e61,lee7349
10.5851/kosfa.2022.e61,son4055
10.5851/kosfa.2022.e61,hwang3535
10.5851/kosfa.2022.e61,joo2828
10.3390/cells10092499,naraoka7944
10.3390/cells10092499,mabuchi9242
10.3390/cells10092499,yoneyama9212
10.3390/cells10092499,suto2379
10.3390/cells10092499,hisamatsu9176
10.3390/cells10092499,ikeda9140
10.3390/cells10092499,ito5853
10.3390/cells10092499,nakamura4681
10.3390/cells10092499,takebe7964
10.3390/cells10092499,akazawa3364
10.1007/s10806-019-09759-2,alvaro2937
10.5851/kosfa.2024.e46,kim8688
10.5851/kosfa.2024.e46,han7446
10.5851/kosfa.2024.e46,lim5281
10.5851/kosfa.2024.e46,hong3752
10.5851/kosfa.2024.e46,kwon2530
10.5851/kosfa.2024.e46,jung8317
10.5851/kosfa.2024.e46,han1254
10.1016/j.fbio.2023.102910,chen6038
10.1016/j.fbio.2023.102910,bassey1997
10.1016/j.fbio.2023.102910,zhu7918
10.1016/j.fbio.2023.102910,zhou4409
10.3390/foods10112588,chriki9222
10.3390/foods10112588,payet5566
10.3390/foods10112588,pflanzer9569
10.3390/foods10112588,ellies-oury6057
10.3390/foods10112588,liu0476
10.3390/foods10112588,hocquette6951
10.3390/foods10112588,rezende-de-souza3123
10.3390/foods10112588,hocquette2186
10.1016/j.foodres.2023.113757,wang0397
10.1016/j.foodres.2023.113757,zhong4077
10.1016/j.foodres.2023.113757,munawar5231
10.1016/j.foodres.2023.113757,wang8677
10.1016/j.foodres.2023.113757,zan9611
10.1016/j.foodres.2023.113757,zhu4726
10.1016/j.foodqual.2021.104226,baum3844
10.1016/j.foodqual.2021.104226,bröring7278
10.1016/j.foodqual.2021.104226,lagerkvist9445
10.1016/j.appet.2019.05.019,michel6279
10.1016/j.appet.2019.05.019,siegrist3159
10.1080/13669877.2020.1871057,jenkins9691
10.1080/13669877.2020.1871057,harris6290
10.1080/13669877.2020.1871057,osman6657
10.1016/s2095-3119(14)60886-8,hocquette9722
10.1016/s2095-3119(14)60886-8,lambert9592
10.1016/s2095-3119(14)60886-8,sinquin2006
10.1016/s2095-3119(14)60886-8,peterolff4377
10.1016/s2095-3119(14)60886-8,wagner7317
10.1016/s2095-3119(14)60886-8,bonny6207
10.1016/s2095-3119(14)60886-8,lebert0049
10.1016/s2095-3119(14)60886-8,hocquette0161
10.1021/acsabm.3c00944,charron8817
10.1021/acsabm.3c00944,tahir2276
10.1021/acsabm.3c00944,foley4522
10.1021/acsabm.3c00944,white4372
10.1021/acsabm.3c00944,floreani3929
10.3390/nu11081904,grasso9502
10.3390/nu11081904,hung3525
10.3390/nu11081904,olthof9244
10.3390/nu11081904,verbeke7104
10.3390/nu11081904,brouwer2848
10.1038/s41538-024-00262-1,murugan6646
10.1038/s41538-024-00262-1,yap4408
10.1038/s41538-024-00262-1,ezhilarasu5334
10.1038/s41538-024-00262-1,suntornnond5551
10.1038/s41538-024-00262-1,le4751
10.1038/s41538-024-00262-1,singh6133
10.1038/s41538-024-00262-1,seah5449
10.1038/s41538-024-00262-1,tan3275
10.1038/s41538-024-00262-1,zhou9835
10.1038/s41538-024-00262-1,tan1569
10.1038/s41538-024-00262-1,choudhury1346
10.3390/bios14010024,yu9986
10.3390/bios14010024,choi7387
10.3390/bios14010024,choi0410
10.3390/bios14010024,kim7412
10.3390/bios14010024,jung2730
10.3390/bios14010024,um8837
10.3390/bios14010024,kim2770
10.1016/j.foodhyd.2024.109944,lee2272
10.1016/j.foodhyd.2024.109944,kim8329
10.1016/j.foodhyd.2024.109944,choi3808
10.1016/j.foodhyd.2024.109944,lee5154
10.1016/j.foodhyd.2024.109944,jo6841
10.1016/j.foodhyd.2024.109944,chun4975
10.1016/j.foodhyd.2024.109944,son4064
10.1016/j.foodhyd.2024.109944,lee1991
10.1016/j.foodhyd.2024.109944,kim6756
10.1016/j.foodhyd.2024.109944,lee9729
10.1016/j.foodhyd.2024.109944,keum8003
10.1016/j.foodhyd.2024.109944,yoon5575
10.1016/j.foodhyd.2024.109944,cha7827
10.1016/j.foodhyd.2024.109944,rho9463
10.1016/j.foodhyd.2024.109944,cho2556
10.1016/j.foodhyd.2024.109944,lee6121
10.1016/j.livsci.2022.104909,gousset4866
10.1016/j.livsci.2022.104909,gregorio0556
10.1016/j.livsci.2022.104909,marais7047
10.1016/j.livsci.2022.104909,rusalen7322
10.1016/j.livsci.2022.104909,chriki3737
10.1016/j.livsci.2022.104909,hocquette3881
10.1016/j.livsci.2022.104909,ellies-oury5381
10.1016/j.carbpol.2023.121287,seo5481
10.1016/j.carbpol.2023.121287,jung7769
10.1016/j.carbpol.2023.121287,park2027
10.1016/j.carbpol.2023.121287,bae6727
10.1016/j.appet.2022.105990,chong8107
10.1016/j.appet.2022.105990,leung9941
10.1016/j.appet.2022.105990,lua3438
10.1016/j.biomaterials.2022.121649,takahashi6171
10.1016/j.biomaterials.2022.121649,yoshida4632
10.1016/j.biomaterials.2022.121649,gao6596
10.1016/j.biomaterials.2022.121649,yamanaka5809
10.1016/j.biomaterials.2022.121649,shimizu7513
10.1016/j.cej.2023.147467,ding2358
10.1016/j.cej.2023.147467,zhuge1669
10.1016/j.cej.2023.147467,zhang3456
10.1016/j.cej.2023.147467,ding5106
10.1016/j.cej.2023.147467,wang9382
10.1016/j.cej.2023.147467,zhou1526
10.1080/09505431.2018.1544232,jönsson2675
10.1080/09505431.2018.1544232,linné8682
10.1080/09505431.2018.1544232,mccrow-young0891
10.3390/conservation3020021,abrahao1837
10.3390/conservation3020021,rufino8832
10.3390/conservation3020021,reis5734
10.3390/conservation3020021,cabral8734
10.1016/j.meatsci.2019.04.004,bryant7290
10.1016/j.meatsci.2019.04.004,anderson1005
10.1016/j.meatsci.2019.04.004,asher5689
10.1016/j.meatsci.2019.04.004,green9186
10.1016/j.meatsci.2019.04.004,gasteratos8432
10.3389/fnut.2020.00148,bogueva5504
10.3389/fnut.2020.00148,marinova0619
10.1002/cite.202200151,kurt1879
10.1002/cite.202200151,höing4054
10.1002/cite.202200151,oosterhuis7757
10.1016/j.biomaterials.2021.121155,park4155
10.1016/j.biomaterials.2021.121155,jung2895
10.1016/j.biomaterials.2021.121155,choi4888
10.1016/j.biomaterials.2021.121155,lee6066
10.1016/j.biomaterials.2021.121155,choi4680
10.1016/j.biomaterials.2021.121155,koh0952
10.1016/j.biomaterials.2021.121155,lee1002
10.1016/j.biomaterials.2021.121155,hong8536
10.1371/journal.pone.0221129,valente3070
10.1371/journal.pone.0221129,fiedler5663
10.1371/journal.pone.0221129,sucha heidemann1105
10.1371/journal.pone.0221129,molento7891
10.1021/acsami.4c03585,niu5455
10.1021/acsami.4c03585,xin6723
10.1021/acsami.4c03585,xu7606
10.1021/acsami.4c03585,yao7096
10.1021/acsami.4c03585,chen3433
10.1021/acsami.4c03585,liu9864
10.3389/fbioe.2023.1202165,hubalek3894
10.3389/fbioe.2023.1202165,melke4183
10.3389/fbioe.2023.1202165,pawlica3841
10.3389/fbioe.2023.1202165,post0343
10.3389/fbioe.2023.1202165,moutsatsou6458
10.1016/j.appet.2020.104860,possidónio9660
10.1016/j.appet.2020.104860,prada5335
10.1016/j.appet.2020.104860,graça5292
10.1016/j.appet.2020.104860,piazza4923
10.1071/rd19272,navarro7753
10.1071/rd19272,soto9461
10.1071/rd19272,pinzon4768
10.1071/rd19272,wu7568
10.1071/rd19272,ross6601
10.1016/j.crfs.2024.100841,walsh5542
10.1016/j.crfs.2024.100841,rhody0095
10.1016/j.crfs.2024.100841,main6506
10.1016/j.crfs.2024.100841,restivo2417
10.1016/j.crfs.2024.100841,tarnecki5201
10.1038/s41538-023-00177-3,malerich7635
10.1038/s41538-023-00177-3,bryant6130
10.1038/s41467-023-44359-9,lee0365
10.1038/s41467-023-44359-9,park8934
10.1038/s41467-023-44359-9,choi5651
10.1038/s41467-023-44359-9,choi8836
10.1038/s41467-023-44359-9,lee3278
10.1038/s41467-023-44359-9,lee0629
10.1038/s41467-023-44359-9,lee6434
10.1038/s41467-023-44359-9,yoo3540
10.1038/s41467-023-44359-9,han6994
10.1038/s41467-023-44359-9,bang9877
10.1038/s41467-023-44359-9,hwang2533
10.1038/s41467-023-44359-9,koh0615
10.1038/s41467-023-44359-9,lee4797
10.1038/s41467-023-44359-9,hong8536
10.3390/foods13091358,lee3719
10.3390/foods13091358,kamel2205
10.3390/foods13091358,yadav9226
10.3390/foods13091358,yadav1314
10.3390/foods13091358,afrin4128
10.3390/foods13091358,son7793
10.3390/foods13091358,won5089
10.3390/foods13091358,han2661
10.3390/foods13091358,park0203
10.1016/j.eist.2024.100871,weckowska3583
10.1016/j.eist.2024.100871,weiss1245
10.1016/j.eist.2024.100871,fiala9765
10.1016/j.eist.2024.100871,nemeczek1246
10.1016/j.eist.2024.100871,voss5710
10.1016/j.eist.2024.100871,dreher1100
10.1016/j.crbiot.2024.100241,jung6803
10.1016/j.crbiot.2024.100241,kim5294
10.1016/j.crbiot.2024.100241,lee3954
10.1016/j.crbiot.2024.100241,yeo5662
10.1016/j.crbiot.2024.100241,sohn8579
10.1016/j.crbiot.2024.100241,jo2155
10.1093/advances/nmab113,kraak5530
10.2478/aoas-2022-0092,vlčko1110
10.2478/aoas-2022-0092,bokwa7191
10.2478/aoas-2022-0092,jarosz2831
10.2478/aoas-2022-0092,szymkowiak6413
10.2478/aoas-2022-0092,golian0236
10.2478/aoas-2022-0092,antoniak2094
10.2478/aoas-2022-0092,kulawik1635
10.3389/fsufs.2023.1104731,jiménez rodríguez1227
10.3389/fsufs.2023.1134100,rao4222
10.3389/fsufs.2023.1134100,datta9889
10.3389/fsufs.2023.1134100,steinmetz6465
10.22434/ifamr2022.0017,gagnon4718
10.22434/ifamr2022.0017,broad9294
10.22434/ifamr2022.0017,grandison7224
10.22434/ifamr2022.0017,chiles6265
10.1016/j.devcel.2021.11.022,eigler1821
10.1016/j.devcel.2021.11.022,zarfati9179
10.1016/j.devcel.2021.11.022,amzallag1538
10.1016/j.devcel.2021.11.022,sinha3040
10.1016/j.devcel.2021.11.022,segev3249
10.1016/j.devcel.2021.11.022,zabary2615
10.1016/j.devcel.2021.11.022,zaritsky2326
10.1016/j.devcel.2021.11.022,shakked6665
10.1016/j.devcel.2021.11.022,umansky0113
10.1016/j.devcel.2021.11.022,schejter1171
10.1016/j.devcel.2021.11.022,millay0635
10.1016/j.devcel.2021.11.022,tzahor9198
10.1016/j.devcel.2021.11.022,avinoam0027
10.1016/s2095-3119(14)60891-1,sun9056
10.1016/s2095-3119(14)60891-1,yu1162
10.1016/s2095-3119(14)60891-1,han1800
10.3389/fsufs.2024.1294390,francis7280
10.3389/fsufs.2024.1294390,ghnimi4766
10.3389/fsufs.2024.1294390,smetana4497
10.3390/foods12142645,ong5650
10.3390/foods12142645,tejeda-saldana6994
10.3390/foods12142645,duffy3767
10.3390/foods12142645,holmes2612
10.3390/foods12142645,kukk6141
10.3390/foods12142645,shatkin8642
10.1007/s10811-015-0530-8,mulvaney3506
10.1007/s10811-015-0530-8,jahangard2202
10.1007/s10811-015-0530-8,ingram1781
10.1007/s10811-015-0530-8,turchini3632
10.1007/s10811-015-0530-8,winberg1045
10.1089/space.2019.0018,cannon1265
10.1089/space.2019.0018,britt1576
10.3390/su12114377,arora1660
10.3390/su12114377,brent8629
10.3390/su12114377,jaenicke6872
10.3389/fnut.2023.1196475,attwood6048
10.3389/fnut.2023.1196475,jameel7177
10.3389/fnut.2023.1196475,fuseini4986
10.3389/fnut.2023.1196475,alkhalawi9757
10.3389/fnut.2023.1196475,hajat0949
10.1016/j.ces.2019.115269,li5977
10.1016/j.ces.2019.115269,zhang4382
10.1016/j.ces.2019.115269,zhao7297
10.1016/j.ces.2019.115269,zhou1280
10.1016/j.ces.2019.115269,du6900
10.1016/j.ces.2019.115269,chen4320
10.1016/j.bej.2020.107864,zhang7824
10.1016/j.bej.2020.107864,li5065
10.1016/j.bej.2020.107864,liu5492
10.1016/j.bej.2020.107864,zhou1367
10.1016/j.bej.2020.107864,chen7031
10.1016/j.bej.2020.107864,du8372
10.1002/btpr.3402,ghosh8064
10.1002/btpr.3402,akiyama6294
10.1002/btpr.3402,haraguchi2610
10.1002/btpr.3402,yamanaka0846
10.1002/btpr.3402,asahi6763
10.1002/btpr.3402,nakao2392
10.1002/btpr.3402,shimizu4239
10.3389/fsufs.2022.1056615,morais-da-silva4199
10.3389/fsufs.2022.1056615,reis1504
10.3389/fsufs.2022.1056615,sanctorum5752
10.3389/fsufs.2022.1056615,molento4994
10.1021/acsbiomaterials.2c01521,tavares-negrete1082
10.1021/acsbiomaterials.2c01521,pedroza-gonzález4100
10.1021/acsbiomaterials.2c01521,frías-sánchez5976
10.1021/acsbiomaterials.2c01521,salas-ramírez2514
10.1021/acsbiomaterials.2c01521,de santiago-miramontes2075
10.1021/acsbiomaterials.2c01521,luna-aguirre5585
10.1021/acsbiomaterials.2c01521,alvarez5344
10.1021/acsbiomaterials.2c01521,trujillo-de santiago4607
10.3390/foods12071384,ock6453
10.3390/foods12071384,seo8536
10.3390/foods12071384,ju8315
10.3390/foods12071384,kim9011
10.3390/foods12071384,wi1623
10.3390/foods12071384,lee3307
10.1016/j.crfs.2024.100846,tang8425
10.1016/j.crfs.2024.100846,shi8691
10.1016/j.crfs.2024.100846,zhu5528
10.1016/j.crfs.2024.100846,yang5009
10.1016/j.crfs.2024.100846,sheng8965
10.1016/j.crfs.2024.100846,zhang8419
10.1038/s43016-023-00692-2,pasitka3264
10.1038/s43016-023-00692-2,cohen0499
10.1038/s43016-023-00692-2,ehrlich7325
10.1038/s43016-023-00692-2,gildor8301
10.1038/s43016-023-00692-2,reuveni8540
10.1038/s43016-023-00692-2,ayyash6230
10.1038/s43016-023-00692-2,wissotsky3118
10.1038/s43016-023-00692-2,herscovici2342
10.1038/s43016-023-00692-2,kaminker1043
10.1038/s43016-023-00692-2,niv0339
10.1038/s43016-023-00692-2,bitcover1214
10.1038/s43016-023-00692-2,dadia3228
10.1038/s43016-023-00692-2,rudik5073
10.1038/s43016-023-00692-2,voloschin4856
10.1038/s43016-023-00692-2,shimoni8952
10.1038/s43016-023-00692-2,cinnamon8585
10.1038/s43016-023-00692-2,nahmias9183
10.1016/j.tifs.2023.06.031,yang3124
10.1016/j.tifs.2023.06.031,wang9155
10.1016/j.tifs.2023.06.031,zhu6167
10.1016/j.tifs.2023.06.031,sheng3246
10.1016/j.tifs.2023.06.031,xiang3877
10.1016/j.tifs.2023.06.031,zhang8447
10.1007/s10806-015-9573-8,laestadius9339
10.15252/embr.201847395,tuomisto8310
10.3390/gels8020094,wollschlaeger4327
10.3390/gels8020094,maatz4403
10.3390/gels8020094,albrecht7992
10.3390/gels8020094,klatt6875
10.3390/gels8020094,heine3348
10.3390/gels8020094,blaeser5596
10.3390/gels8020094,kluger7378
10.3390/cells13020135,naraoka7944
10.3390/cells13020135,mabuchi6014
10.3390/cells13020135,kiuchi9224
10.3390/cells13020135,kumagai7377
10.3390/cells13020135,hisamatsu8533
10.3390/cells13020135,yoneyama4995
10.3390/cells13020135,takebe2374
10.3390/cells13020135,akazawa3373
10.1007/s11626-024-00971-7,krishnan1904
10.1007/s11626-024-00971-7,ulagesan8610
10.1007/s11626-024-00971-7,moon5915
10.1007/s11626-024-00971-7,choi9536
10.1007/s11626-024-00971-7,nam9030
10.5187/jast.2023.e10,oh2512
10.5187/jast.2023.e10,park0848
10.5187/jast.2023.e10,park6697
10.5187/jast.2023.e10,kim0504
10.5187/jast.2023.e10,park1097
10.5187/jast.2023.e10,cui2698
10.5187/jast.2023.e10,kim4398
10.5187/jast.2023.e10,joo2828
10.5187/jast.2023.e10,hur5852
10.5187/jast.2023.e10,kim7639
10.5187/jast.2023.e10,choi0410
10.7554/elife.82120,yuen jr1654
10.7554/elife.82120,saad3591
10.7554/elife.82120,xiang9515
10.7554/elife.82120,barrick0603
10.7554/elife.82120,dicindio9599
10.7554/elife.82120,li6584
10.7554/elife.82120,zhang8801
10.7554/elife.82120,rittenberg0740
10.7554/elife.82120,lew0281
10.7554/elife.82120,zhang8481
10.7554/elife.82120,leung8877
10.7554/elife.82120,pietropinto4432
10.7554/elife.82120,kaplan7774
10.1016/j.lwt.2022.113650,kärkkäinen9548
10.1016/j.lwt.2022.113650,aisala2785
10.1016/j.lwt.2022.113650,rischer8935
10.1016/j.lwt.2022.113650,sozer9772
10.1016/j.foodres.2024.113965,chung6635
10.1016/j.foodres.2024.113965,baier4759
10.1016/j.foodres.2024.113965,mcclements7673
10.1016/j.foodres.2024.113965,decker9138
10.3389/fnut.2023.1197111,failla1424
10.3389/fnut.2023.1197111,hopfer6423
10.3389/fnut.2023.1197111,wee1767
10.1016/j.fufo.2024.100297,lanz7201
10.1016/j.fufo.2024.100297,hartmann9908
10.1016/j.fufo.2024.100297,egan9489
10.1016/j.fufo.2024.100297,siegrist2171
10.1021/acsami.2c10620,dutta1486
10.1021/acsami.2c10620,ganguly1315
10.1021/acsami.2c10620,jeong2119
10.1021/acsami.2c10620,patel0250
10.1021/acsami.2c10620,patil7792
10.1021/acsami.2c10620,cho7890
10.1021/acsami.2c10620,lim5424
10.1016/j.appet.2024.107240,li3748
10.1016/j.appet.2024.107240,van loo1894
10.1016/j.appet.2024.107240,bai2800
10.1016/j.appet.2024.107240,van trijp8627
10.3828/extr.2022.11,castle9800
10.1002/adma.202102660,kamperman6709
10.1002/adma.202102660,henke3245
10.1002/adma.202102660,crispim0765
10.1002/adma.202102660,willemen3313
10.1002/adma.202102660,dijkstra3775
10.1002/adma.202102660,lee0962
10.1002/adma.202102660,offerhaus7551
10.1002/adma.202102660,neubauer5703
10.1002/adma.202102660,smink7141
10.1002/adma.202102660,de vos0923
10.1002/adma.202102660,de haan0244
10.1002/adma.202102660,karperien2490
10.1002/adma.202102660,shin3842
10.1002/adma.202102660,leijten4932
10.1016/j.appet.2024.107297,wilks3763
10.1016/j.appet.2024.107297,crimston4526
10.1016/j.appet.2024.107297,hornsey2640
10.1016/j.fufo.2024.100443,amirvaresi9305
10.1016/j.fufo.2024.100443,ovissipour1773
10.1108/bfj-09-2021-0987,wang3232
10.1108/bfj-09-2021-0987,scrimgeour7143
10.1007/s00425-024-04456-5,müller6876
10.1007/s00425-024-04456-5,budnik4241
10.1007/s00425-024-04456-5,mirkin1421
10.1007/s00425-024-04456-5,vater0983
10.1007/s00425-024-04456-5,bravo-almonacid2611
10.1007/s00425-024-04456-5,perez-castro2487
10.1007/s00425-024-04456-5,wirth4095
10.1007/s00425-024-04456-5,segretin0703
10.1016/j.foodqual.2024.105208,ford3254
10.1016/j.foodqual.2024.105208,zhang4656
10.1016/j.foodqual.2024.105208,gould7045
10.1016/j.foodqual.2024.105208,danner9983
10.1016/j.foodqual.2024.105208,bastian5957
10.1016/j.foodqual.2024.105208,yang4277
10.1016/j.appet.2017.03.009,bekker8134
10.1016/j.appet.2017.03.009,tobi1286
10.1016/j.appet.2017.03.009,fischer5336
10.1111/joss.12915,rabitti5048
10.1111/joss.12915,appiani9600
10.1111/joss.12915,proserpio9113
10.1111/joss.12915,pagliarini8016
10.1111/joss.12915,laureati5054
10.1080/08941920.2017.1304599,jönsson0356
10.3390/app12094688,son8853
10.3390/app12094688,lee2999
10.3390/app12094688,hong9539
10.3390/app12094688,kwon5340
10.3390/app12094688,joo9842
10.3390/app12094688,lim3771
10.3390/app12094688,park5624
10.1016/j.jfoodeng.2024.112259,souppez5819
10.1016/j.jfoodeng.2024.112259,dages9105
10.1016/j.jfoodeng.2024.112259,pavar1971
10.1016/j.jfoodeng.2024.112259,fabian5284
10.1016/j.jfoodeng.2024.112259,thomas8994
10.1016/j.jfoodeng.2024.112259,theodosiou4434
10.1016/j.foodpol.2022.102307,ortega8500
10.1016/j.foodpol.2022.102307,sun8166
10.1016/j.foodpol.2022.102307,lin8941
10.1007/s11626-024-00963-7,cardoso5039
10.1007/s11626-024-00963-7,oliveira1746
10.1007/s11626-024-00963-7,climaco4749
10.1007/s11626-024-00963-7,venturelli6116
10.1007/s11626-024-00963-7,do nascimento moreira5457
10.1007/s11626-024-00963-7,martins6485
10.1016/j.scitotenv.2023.164988,nikkhah2486
10.1016/j.scitotenv.2023.164988,rohani0775
10.1016/j.scitotenv.2023.164988,zarei4586
10.1016/j.scitotenv.2023.164988,kulkarni6296
10.1016/j.scitotenv.2023.164988,batarseh2810
10.1016/j.scitotenv.2023.164988,blackstone7950
10.1016/j.scitotenv.2023.164988,ovissipour8433
10.3390/nu15214649,sikora1763
10.3390/nu15214649,rzymski0801
10.1038/s42003-022-03423-8,stout1032
10.1038/s42003-022-03423-8,mirliani9807
10.1038/s42003-022-03423-8,rittenberg0835
10.1038/s42003-022-03423-8,shub0544
10.1038/s42003-022-03423-8,white5426
10.1038/s42003-022-03423-8,yuen9025
10.1038/s42003-022-03423-8,kaplan7774
10.1186/s40100-023-00278-3,kühn2853
10.1186/s40100-023-00278-3,profeta8471
10.1186/s40100-023-00278-3,krikser7989
10.1186/s40100-023-00278-3,heinz7303
10.3390/bioengineering11080854,bektas6304
10.3390/bioengineering11080854,lee8638
10.3390/bioengineering11080854,jackson9851
10.3390/bioengineering11080854,bhatia9420
10.3390/bioengineering11080854,mao4523
10.1111/faf.12541,halpern2302
10.1111/faf.12541,maier7874
10.1111/faf.12541,lahr1581
10.1111/faf.12541,blasco6221
10.1111/faf.12541,costello1090
10.1111/faf.12541,cottrell7503
10.1111/faf.12541,deschenes5638
10.1111/faf.12541,ferraro2839
10.1111/faf.12541,froehlich1523
10.1111/faf.12541,mcdonald0934
10.1111/faf.12541,millage4890
10.1111/faf.12541,weir6418
10.3390/su141912501,quevedo-silva4651
10.3390/su141912501,pereira2791
10.21315/mjms2023.30.5.19,NA0427
10.21315/mjms2023.30.5.19,woi hon9878
10.1155/2024/1027972,oh2512
10.1155/2024/1027972,park0848
10.1155/2024/1027972,park1097
10.1155/2024/1027972,choi1098
10.1155/2024/1027972,kim3401
10.1155/2024/1027972,lee7095
10.1155/2024/1027972,choi0410
10.1159/000511764,shahin-shamsabadi0467
10.1159/000511764,selvaganapathy9803
10.1016/j.foodres.2022.111561,zheng4735
10.1016/j.foodres.2022.111561,chen6595
10.1016/j.foodres.2022.111561,zhu4164
10.1016/j.foodres.2022.111561,li9350
10.1016/j.foodres.2022.111561,song8067
10.1016/j.foodres.2022.111561,ding8342
10.1016/j.foodres.2022.111561,zhou3533
10.1016/j.foodres.2022.111818,zheng1825
10.1016/j.foodres.2022.111818,shi4454
10.1016/j.foodres.2022.111818,zhu5068
10.1016/j.foodres.2022.111818,ding4785
10.1016/j.foodres.2022.111818,zhou1812
10.3389/fsufs.2023.1302511,wang7176
10.3389/fsufs.2023.1302511,li5161
10.1039/d1fo04340d,fang4028
10.1039/d1fo04340d,li4015
10.1039/d1fo04340d,zhang3110
10.1039/d1fo04340d,du8514
10.1039/d1fo04340d,zhou3733
10.1039/d1fo04340d,guan7706
10.1039/d1fo04340d,chen8449
10.1002/fft2.165,boereboom2044
10.1002/fft2.165,sheikh2991
10.1002/fft2.165,islam9261
10.1002/fft2.165,achirimbi8505
10.1002/fft2.165,vriesekoop9992
10.1016/j.foodhyd.2024.110369,schüler1297
10.1016/j.foodhyd.2024.110369,marques2038
10.1016/j.foodhyd.2024.110369,gusmão6249
10.1016/j.foodhyd.2024.110369,jabouille8950
10.1016/j.foodhyd.2024.110369,leite4475
10.1016/j.foodhyd.2024.110369,cabral0035
10.1016/j.foodhyd.2024.110369,sanjuan-alberte2864
10.1016/j.foodhyd.2024.110369,ferreira6237
10.1002/adsu.202300499,david7794
10.1002/adsu.202300499,ianovici6587
10.1002/adsu.202300499,guterman ram4429
10.1002/adsu.202300499,shaulov dvir7316
10.1002/adsu.202300499,lavon7914
10.1002/adsu.202300499,levenberg7339
10.1007/s11569-018-0330-0,böhm9286
10.1007/s11569-018-0330-0,ferrari3253
10.1007/s11569-018-0330-0,woll2246
10.1016/j.foodqual.2024.105102,chia0235
10.1016/j.foodqual.2024.105102,shou3984
10.1016/j.foodqual.2024.105102,wong0501
10.1016/j.foodqual.2024.105102,cameron-smith6626
10.1016/j.foodqual.2024.105102,sim4236
10.1016/j.foodqual.2024.105102,van dam4719
10.1016/j.foodqual.2024.105102,chong2651
10.1007/s11947-024-03414-z,hoppenreijs1493
10.1007/s11947-024-03414-z,brune9857
10.1007/s11947-024-03414-z,biedendieck4179
10.1007/s11947-024-03414-z,krull9621
10.1007/s11947-024-03414-z,boom5744
10.1007/s11947-024-03414-z,keppler7504
10.1177/0963662516639001,o’riordan9577
10.1177/0963662516639001,fotopoulou3268
10.1177/0963662516639001,stephens3298
10.1016/j.meatsci.2022.109080,i̇nan7940
10.1016/j.meatsci.2022.109080,özçelik2655
10.1016/j.foodhyd.2022.107632,zernov6060
10.1016/j.foodhyd.2022.107632,baruch4021
10.1016/j.foodhyd.2022.107632,machluf8746
10.1007/s12015-023-10535-z,guo8362
10.1007/s12015-023-10535-z,zhu3143
10.1007/s12015-023-10535-z,qin2883
10.1007/s12015-023-10535-z,jia7467
10.1007/s12015-023-10535-z,liu9470
10.1007/s12015-023-10535-z,yang9162
10.1007/s12015-023-10535-z,guo4086
10.3390/foods12142682,zheng5797
10.3390/foods12142682,hu6523
10.3390/foods12142682,liu8061
10.3390/foods12142682,jiang8383
10.3390/foods12142682,guo5986
10.3390/foods12142682,ding0103
10.3390/foods12142682,zhou6268
10.1371/journal.pone.0251432,de oliveira0768
10.1371/journal.pone.0251432,domingues4819
10.1371/journal.pone.0251432,borges7689
10.1016/j.biomaterials.2022.121631,li1544
10.1016/j.biomaterials.2022.121631,you4942
10.1016/j.biomaterials.2022.121631,shum1880
10.1016/j.biomaterials.2022.121631,chen3968
10.1016/j.meatsci.2022.108942,mancini1930
10.1016/j.meatsci.2022.108942,antonioli2503
10.3390/foods10123116,ahmad8445
10.3390/foods10123116,lim8170
10.3390/foods10123116,lee0463
10.3390/foods10123116,chun2398
10.3390/foods10123116,ali5086
10.3390/foods10123116,ahmad2768
10.3390/foods10123116,shaikh2393
10.3390/foods10123116,choi8851
10.1108/bfj-01-2018-0025,circus3469
10.1108/bfj-01-2018-0025,robison7698
10.1177/09717218221075158,góes8116
10.1177/09717218221075158,zeny4353
10.1177/09717218221075158,reis2792
10.1016/j.foodhyd.2017.05.036,schuster3075
10.1016/j.foodhyd.2017.05.036,wallin8543
10.1016/j.foodhyd.2017.05.036,klose9220
10.1016/j.foodhyd.2017.05.036,gold6773
10.1016/j.foodhyd.2017.05.036,ström7701
10.3389/fnut.2019.00103,bryant1671
10.3389/fnut.2019.00103,dillard2251
10.1038/s41467-024-49521-5,lee0365
10.1038/s41467-024-49521-5,choi8836
10.1038/s41467-024-49521-5,lee0629
10.1038/s41467-024-49521-5,lee3053
10.1038/s41467-024-49521-5,koh2207
10.1038/s41467-024-49521-5,hong8536
10.3390/su13158235,escribano3629
10.3390/su13158235,peña1836
10.3390/su13158235,díaz-caro6699
10.3390/su13158235,elghannam9275
10.3390/su13158235,crespo-cebada1760
10.3390/su13158235,mesías9554
10.3389/fcell.2023.1193634,katayama9603
10.3389/fcell.2023.1193634,chigi0332
10.3389/fcell.2023.1193634,okamura2184
10.1021/acsbiomaterials.3c00358,yuen5864
10.1021/acsbiomaterials.3c00358,barrick4321
10.1021/acsbiomaterials.3c00358,dicindio3997
10.1021/acsbiomaterials.3c00358,pietropinto8600
10.1021/acsbiomaterials.3c00358,kaplan7774
10.3390/nu13041284,franceković4920
10.3390/nu13041284,garcía-torralba4048
10.3390/nu13041284,sakoulogeorga5570
10.3390/nu13041284,vučković1577
10.3390/nu13041284,perez-cueto2678
10.3390/foods12234275,zeng8332
10.3390/foods12234275,cui7991
10.3390/foods12234275,zhou4967
10.3390/foods12234275,liang7272
10.3390/foods12234275,wu4290
10.3390/foods12234275,li7304
10.3390/foods12234275,li4646
10.1016/j.meatsci.2022.108964,hamlin2906
10.1016/j.meatsci.2022.108964,mcneill3853
10.1016/j.meatsci.2022.108964,sim2406
10.1038/s41538-021-00090-7,furuhashi6645
10.1038/s41538-021-00090-7,morimoto8226
10.1038/s41538-021-00090-7,shima5623
10.1038/s41538-021-00090-7,nakamura2720
10.1038/s41538-021-00090-7,ishikawa2112
10.1038/s41538-021-00090-7,takeuchi0409
10.1016/j.fufo.2024.100412,fytsilis1935
10.1016/j.fufo.2024.100412,urlings3938
10.1016/j.fufo.2024.100412,van schooten1500
10.1016/j.fufo.2024.100412,de boer4649
10.1016/j.fufo.2024.100412,vrolijk0383
10.3390/nu15132935,pilařová6486
10.3390/nu15132935,balcarová0076
10.3390/nu15132935,pilař7323
10.3390/nu15132935,kvasničková stanislavská8509
10.3390/nu15132935,rosak-szyrocka6787
10.3390/nu15132935,pitrová2286
10.3390/nu15132935,moulis9945
10.3390/nu15132935,kvasnička1183
10.1016/j.biomaterials.2022.121669,norris9085
10.1016/j.biomaterials.2022.121669,kawecki8639
10.1016/j.biomaterials.2022.121669,davis0126
10.1016/j.biomaterials.2022.121669,chen7674
10.1016/j.biomaterials.2022.121669,rowat5320
10.1080/22041451.2024.2324405,matwick4303
10.1016/j.cofs.2019.09.004,tuorila2033
10.1016/j.cofs.2019.09.004,hartmann0065
10.1038/s41538-021-00121-3,tsuruwaka0731
10.1038/s41538-021-00121-3,shimada4031
10.1016/j.foodchem.2024.140696,wang1594
10.1016/j.foodchem.2024.140696,zhuang5315
10.1016/j.foodchem.2024.140696,munawar7342
10.1016/j.foodchem.2024.140696,zan6891
10.1016/j.foodchem.2024.140696,zhu0608
10.1016/j.foodhyd.2024.109762,zhou3687
10.1016/j.foodhyd.2024.109762,yang0069
10.1016/j.foodhyd.2024.109762,xiang0738
10.1016/j.foodhyd.2024.109762,zhang7273
10.1016/j.foodhyd.2024.109762,wei5550
10.1016/j.foodhyd.2024.109762,zhu1435
10.1016/j.foodhyd.2024.109762,yang5522
10.1016/j.foodhyd.2024.109762,yin2775
10.1016/j.foodres.2022.111952,song6964
10.1016/j.foodres.2022.111952,liu7643
10.1016/j.foodres.2022.111952,meng4877
10.1016/j.foodres.2022.111952,zheng6939
10.1016/j.foodres.2022.111952,zhou7917
10.1016/j.foodres.2022.111952,li6011
10.1016/j.foodres.2022.111952,ding0878
10.1038/s41598-024-59767-0,dan-jumbo8307
10.1038/s41598-024-59767-0,riley9808
10.1038/s41598-024-59767-0,cortes-araya2427
10.1038/s41598-024-59767-0,ho9862
10.1038/s41598-024-59767-0,lee5554
10.1038/s41598-024-59767-0,thrower6400
10.1038/s41598-024-59767-0,esteves1007
10.1038/s41598-024-59767-0,donadeu7642
10.3389/fsufs.2019.00128,kenigsberg6593
10.3389/fsufs.2019.00128,zivotofsky5961
10.1016/j.foodcont.2021.108336,lähteenmäki-uutela3256
10.1016/j.foodcont.2021.108336,rahikainen0207
10.1016/j.foodcont.2021.108336,lonkila0301
10.1016/j.foodcont.2021.108336,yang3526
10.1016/j.scitotenv.2022.158051,tuomisto8947
10.1016/j.scitotenv.2022.158051,allan3791
10.1016/j.scitotenv.2022.158051,ellis3227
10.1016/j.foodqual.2024.105132,szczepanski3674
10.1016/j.foodqual.2024.105132,sass1857
10.1016/j.foodqual.2024.105132,olding6677
10.1016/j.foodqual.2024.105132,dupont2087
10.1016/j.foodqual.2024.105132,fiebelkorn6531
10.1038/s41538-022-00155-1,tanaka4227
10.1038/s41538-022-00155-1,sakaguchi8455
10.1038/s41538-022-00155-1,yoshida5326
10.1038/s41538-022-00155-1,takahashi6171
10.1038/s41538-022-00155-1,haraguchi7271
10.1038/s41538-022-00155-1,shimizu4239
10.1080/01292986.2024.2342827,ho8167
10.1080/01292986.2024.2342827,ou5204
10.1080/01292986.2024.2342827,ong3316
10.1007/s11367-015-0931-6,smetana1899
10.1007/s11367-015-0931-6,mathys0429
10.1007/s11367-015-0931-6,knoch0456
10.1007/s11367-015-0931-6,heinz5396
10.1016/j.fbio.2024.103819,chen1596
10.1016/j.fbio.2024.103819,dai5523
10.1016/j.fbio.2024.103819,xiong6774
10.1016/j.fbio.2024.103819,zhou6182
10.1016/j.fbio.2024.103819,chen1519
10.1016/j.fbio.2024.103819,ge1039
10.1016/j.fbio.2024.103819,zhou5353
10.3390/jfb14040218,lee8638
10.3390/jfb14040218,jackson9851
10.3390/jfb14040218,john3270
10.3390/jfb14040218,zhang0317
10.3390/jfb14040218,ozhava7490
10.3390/jfb14040218,bhatia0122
10.3390/jfb14040218,mao4523
10.1177/2514848620963125,guthman5578
10.1177/2514848620963125,biltekoff3883
10.3390/foods10112537,chen2803
10.3390/foods10112537,gurdian2706
10.3390/foods10112537,sharma1469
10.3390/foods10112537,prinyawiwatkul8957
10.3390/foods10112537,torrico2438
10.3390/su16031138,fujiwara3344
10.3390/su16031138,tachikawa8509
10.3389/fsufs.2019.00011,bryant4805
10.3389/fsufs.2019.00011,szejda9378
10.3389/fsufs.2019.00011,parekh6387
10.3389/fsufs.2019.00011,deshpande6845
10.3389/fsufs.2019.00011,tse0270
10.1021/acs.jafc.3c09713,su5169
10.1021/acs.jafc.3c09713,jing1645
10.1021/acs.jafc.3c09713,zeng6915
10.1021/acs.jafc.3c09713,fu5914
10.1021/acs.jafc.3c09713,huang3960
10.1152/ajpcell.00037.2024,hawke4820
10.1152/ajpcell.00037.2024,zaucke9354
10.1016/j.foodqual.2023.105032,nezlek3637
10.1016/j.foodqual.2023.105032,tomczyk2627
10.1016/j.foodqual.2023.105032,pimentel7738
10.1016/j.foodqual.2023.105032,cypryańska2229
10.1016/j.foodqual.2023.105032,da cruz0713
10.1016/j.foodqual.2023.105032,esmerino9418
10.1016/j.foodqual.2023.105032,forestell8862
10.1021/acsami.2c21702,wei3677
10.1021/acsami.2c21702,dai9341
10.1021/acsami.2c21702,huang5924
10.1021/acsami.2c21702,hu1364
10.1021/acsami.2c21702,ge0085
10.1021/acsami.2c21702,zhang8791
10.1021/acsami.2c21702,yang3174
10.1021/acsami.2c21702,shao9074
10.1021/acsami.2c21702,sun6686
10.1021/acsami.2c21702,xiang9837
10.5851/kosfa.2024.e27,kim1732
10.5851/kosfa.2024.e27,jung9304
10.5851/kosfa.2024.e27,kim9927
10.5851/kosfa.2024.e27,jo3798
10.3389/fbioe.2022.895289,kolkmann7373
10.3389/fbioe.2022.895289,van essen7831
10.3389/fbioe.2022.895289,post3431
10.3389/fbioe.2022.895289,moutsatsou5310
10.1111/ajsp.12609,dai9087
10.1111/ajsp.12609,leung9941
10.1111/ajsp.12609,chong8384
10.5851/kosfa.2020.e39,choi7413
10.5851/kosfa.2020.e39,yoon7489
10.5851/kosfa.2020.e39,kim1732
10.5851/kosfa.2020.e39,jeong4384
10.5851/kosfa.2020.e39,ryu1329
10.5851/kosfa.2020.e39,park9719
10.5851/kosfa.2020.e39,jo3798
10.5851/kosfa.2020.e39,lee0013
10.1016/j.ijbiomac.2024.134242,xin4511
10.1016/j.ijbiomac.2024.134242,niu1474
10.1016/j.ijbiomac.2024.134242,chen5170
10.1016/j.ijbiomac.2024.134242,liu9129
10.1016/j.ijbiomac.2024.134242,xu5446
10.1016/j.foodhyd.2024.110156,liu6649
10.1016/j.foodhyd.2024.110156,hua5480
10.1016/j.foodhyd.2024.110156,gu0418
10.1016/j.foodhyd.2024.110156,cai1143
10.1016/j.foodhyd.2024.110156,zhou1651
10.1016/j.foodhyd.2024.110156,wang1434
10.1016/j.foodhyd.2024.110156,zhou1065
10.1016/j.foodhyd.2024.110156,shan1123
10.1016/j.biomaterials.2021.121267,holmes5954
10.1016/j.biomaterials.2021.121267,jaberansari7068
10.1016/j.biomaterials.2021.121267,collins2971
10.1016/j.biomaterials.2021.121267,latour7372
10.1016/j.biomaterials.2021.121267,modulevsky5634
10.1016/j.biomaterials.2021.121267,pelling7472
10.3389/fsufs.2021.594650,kantor4413
10.3389/fsufs.2021.594650,kantor0600
10.1007/s11947-024-03552-4,fang1004
10.1007/s11947-024-03552-4,yu0919
10.1007/s11947-024-03552-4,gao1199
10.1007/s11947-024-03552-4,niu3895
10.1007/s11947-024-03552-4,yu7492
10.1016/j.fufo.2024.100395,sattari4031
10.1016/j.fufo.2024.100395,nielsen7545
10.1016/j.fufo.2024.100395,che4480
10.1016/j.fufo.2024.100395,rasmussen9376
10.1016/j.fufo.2024.100395,yue7110
10.1016/j.fufo.2024.100395,purup2599
10.1016/j.fufo.2024.100395,poulsen3062
10.1016/j.fufo.2024.100395,larsen7346
10.1016/j.biomaterials.2022.121602,andreassen6509
10.1016/j.biomaterials.2022.121602,rønning0073
10.1016/j.biomaterials.2022.121602,solberg5046
10.1016/j.biomaterials.2022.121602,grønlien6210
10.1016/j.biomaterials.2022.121602,kristoffersen8849
10.1016/j.biomaterials.2022.121602,høst1794
10.1016/j.biomaterials.2022.121602,kolset3855
10.1016/j.biomaterials.2022.121602,pedersen3238
10.1007/s11158-016-9331-4,milburn8555
10.1021/acs.biomac.2c01068,rosa9121
10.1021/acs.biomac.2c01068,de mello4552
10.1021/acs.biomac.2c01068,castelletto0162
10.1021/acs.biomac.2c01068,dallas2193
10.1021/acs.biomac.2c01068,accardo7437
10.1021/acs.biomac.2c01068,seitsonen4673
10.1021/acs.biomac.2c01068,hamley0926
10.3390/su14126956,faletar0232
10.3390/su14126956,cerjak4364
10.3389/fnut.2024.1401715,jacobs7475
10.3389/fnut.2024.1401715,windhorst8232
10.3389/fnut.2024.1401715,gickel7605
10.3389/fnut.2024.1401715,chriki1361
10.3389/fnut.2024.1401715,hocquette5572
10.3389/fnut.2024.1401715,ellies-oury5693
10.1016/j.heliyon.2024.e38006,goswami3765
10.1016/j.heliyon.2024.e38006,rybchyn1412
10.1016/j.heliyon.2024.e38006,walsh0953
10.1016/j.heliyon.2024.e38006,le coutre1805
10.5851/kosfa.2023.e68,yu9986
10.5851/kosfa.2023.e68,choi0410
10.5851/kosfa.2023.e68,kim0102
10.5851/kosfa.2023.e68,kim4485
10.1016/j.crfs.2023.100545,kim7828
10.1016/j.crfs.2023.100545,ko3385
10.1016/j.crfs.2023.100545,choi4930
10.1016/j.crfs.2023.100545,park9719
10.1080/00036846.2024.2408035,su4598
10.1080/00036846.2024.2408035,zhang8260
10.1080/00036846.2024.2408035,sheng0845
10.1177/14614448221122211,leong8037
10.5851/kosfa.2024.e72,kim6873
10.5851/kosfa.2024.e72,kim6160
10.5851/kosfa.2024.e72,lee7349
10.5851/kosfa.2024.e72,hwang3535
10.5851/kosfa.2024.e72,lee6517
10.5851/kosfa.2024.e72,joo2828
10.1016/j.jfutfo.2021.09.005,li6720
10.1016/j.jfutfo.2021.09.005,liu7645
10.1016/j.jfutfo.2021.09.005,li2925
10.1016/j.jfutfo.2021.09.005,zhang8928
10.1016/j.jfutfo.2021.09.005,yang9634
10.1016/j.jfutfo.2021.09.005,wang6178
10.1111/japp.12056,schaefer1742
10.1111/japp.12056,savulescu3077
10.1057/s41599-022-01316-z,morais-da-silva1516
10.1057/s41599-022-01316-z,villar4099
10.1057/s41599-022-01316-z,reis8153
10.1057/s41599-022-01316-z,sanctorum4256
10.1057/s41599-022-01316-z,molento3879
10.1016/j.jfoodeng.2023.111627,du1872
10.1016/j.jfoodeng.2023.111627,choy8924
10.1016/j.jfoodeng.2023.111627,chew6769
10.1016/j.jfoodeng.2023.111627,antipina5772
10.1016/j.jfoodeng.2023.111627,chng6791
10.1016/j.jfoodeng.2023.111627,su6942
10.1016/j.jfoodeng.2023.111627,tai1268
10.1016/j.jfoodeng.2023.111627,osen7525
10.1016/j.jfoodeng.2023.111627,sugii8197
10.1016/j.jfoodeng.2023.111627,wan3311
10.1002/cyto.a.24737,heyman4928
10.1002/cyto.a.24737,meeremans8703
10.1002/cyto.a.24737,van poucke6261
10.1002/cyto.a.24737,peelman7493
10.1002/cyto.a.24737,devriendt7314
10.1002/cyto.a.24737,de schauwer6961
10.3390/bioengineering9050187,udomsom3907
10.3390/bioengineering9050187,budwong9471
10.3390/bioengineering9050187,wongsa8821
10.3390/bioengineering9050187,sangngam9773
10.3390/bioengineering9050187,baipaywad9324
10.3390/bioengineering9050187,manaspon1494
10.3390/bioengineering9050187,auephanwiriyakul3800
10.3390/bioengineering9050187,theera-umpon9610
10.3390/bioengineering9050187,paengnakorn4727
10.1002/bit.27848,humbird1871
10.1016/j.gloenvcha.2017.09.001,röös7808
10.1016/j.gloenvcha.2017.09.001,bajželj8588
10.1016/j.gloenvcha.2017.09.001,smith0369
10.1016/j.gloenvcha.2017.09.001,patel6974
10.1016/j.gloenvcha.2017.09.001,little3859
10.1016/j.gloenvcha.2017.09.001,garnett1395
10.3390/su15129253,crawshaw9106
10.3390/su15129253,piazza5940
10.1016/j.biomaterials.2022.121487,ianovici0436
10.1016/j.biomaterials.2022.121487,zagury5688
10.1016/j.biomaterials.2022.121487,redenski9988
10.1016/j.biomaterials.2022.121487,lavon9912
10.1016/j.biomaterials.2022.121487,levenberg7339
10.3390/foods11213364,song0361
10.3390/foods11213364,liu1455
10.3390/foods11213364,li1161
10.3390/foods11213364,ding0103
10.1016/j.foodres.2023.113794,liu9135
10.1016/j.foodres.2023.113794,xie4257
10.1016/j.foodres.2023.113794,chen2437
10.1002/elsc.202300005,cosenza2523
10.1002/elsc.202300005,block0814
10.1002/elsc.202300005,baar5174
10.1002/elsc.202300005,chen9219
10.1111/1750-3841.15351,hallman9876
10.1111/1750-3841.15351,hallman7889
10.1016/j.meatsci.2022.108776,hocquette9353
10.1016/j.meatsci.2022.108776,liu9528
10.1016/j.meatsci.2022.108776,ellies-oury3636
10.1016/j.meatsci.2022.108776,chriki1722
10.1016/j.meatsci.2022.108776,hocquette7879
10.1016/j.foodqual.2023.105060,demartini4687
10.1016/j.foodqual.2023.105060,marescotti2287
10.1016/j.foodqual.2023.105060,amato0764
10.1016/j.foodqual.2023.105060,corradini7722
10.1016/j.foodqual.2023.105060,verneau0320
10.1016/j.foodqual.2023.105060,gaviglio7813
10.1007/s12571-023-01390-4,boccardo8474
10.1007/s12571-023-01390-4,hagelaar6819
10.1007/s12571-023-01390-4,lakemond4420
10.1007/s10943-017-0403-3,hamdan9708
10.1007/s10943-017-0403-3,post9763
10.1007/s10943-017-0403-3,ramli3085
10.1007/s10943-017-0403-3,mustafa3113
10.1016/j.jafr.2022.100358,garrison1452
10.1016/j.jafr.2022.100358,biermacher9083
10.1016/j.jafr.2022.100358,brorsen4347
10.1016/j.foodres.2024.114425,tang5612
10.1016/j.foodres.2024.114425,deng3962
10.1016/j.foodres.2024.114425,yang8655
10.1016/j.foodres.2024.114425,wang1229
10.1016/j.foodres.2024.114425,xiang2039
10.1016/j.foodres.2024.114425,zou5891
10.1016/j.foodres.2024.114425,lu2819
10.1016/j.foodqual.2022.104573,de oliveira padilha4599
10.1016/j.foodqual.2022.104573,malek8473
10.1016/j.foodqual.2022.104573,umberger4800
10.1016/j.ecoser.2022.101444,coucke3931
10.1016/j.ecoser.2022.101444,vermeir0019
10.1016/j.ecoser.2022.101444,slabbinck7341
10.1016/j.ecoser.2022.101444,geuens7773
10.1016/j.ecoser.2022.101444,choueiki1895
10.1007/s11569-017-0282-9,ferrari1902
10.1007/s11569-017-0282-9,lösch0306
10.1038/s41598-024-68247-4,lew8113
10.1038/s41598-024-68247-4,yuen3036
10.1038/s41598-024-68247-4,zhang8395
10.1038/s41598-024-68247-4,fuller4678
10.1038/s41598-024-68247-4,frost6913
10.1038/s41598-024-68247-4,kaplan4332
10.1039/d0lc00508h,pope9163
10.1039/d0lc00508h,warren9522
10.1039/d0lc00508h,dahl5368
10.1039/d0lc00508h,pizza1305
10.1039/d0lc00508h,henze0222
10.1039/d0lc00508h,sinatra0734
10.1039/d0lc00508h,gonzalez7680
10.1039/d0lc00508h,chang2473
10.1039/d0lc00508h,liu3064
10.1039/d0lc00508h,glieberman1406
10.1039/d0lc00508h,ferrier3803
10.1039/d0lc00508h,cowan0305
10.1039/d0lc00508h,parker7535
10.1007/s11356-022-23597-2,sheng1061
10.1007/s11356-022-23597-2,shi5806
10.1007/s11356-022-23597-2,zhang6037
10.1016/j.tifs.2022.04.015,smith5805
10.1016/j.tifs.2022.04.015,helmy7956
10.1016/j.tifs.2022.04.015,lindley1306
10.1016/j.tifs.2022.04.015,selvarajoo9666
10.3934/agrfood.2024021,lazou3310
10.3934/agrfood.2024021,revelou8696
10.3934/agrfood.2024021,kougioumtzoglou5085
10.3934/agrfood.2024021,strati2005
10.3934/agrfood.2024021,kanellou8756
10.3934/agrfood.2024021,batrinou5929
10.1016/j.biomaterials.2022.121543,xiang6332
10.1016/j.biomaterials.2022.121543,yuen1654
10.1016/j.biomaterials.2022.121543,stout1032
10.1016/j.biomaterials.2022.121543,rubio1509
10.1016/j.biomaterials.2022.121543,chen0480
10.1016/j.biomaterials.2022.121543,kaplan7774
10.1016/j.fbio.2023.102923,kim5967
10.1016/j.fbio.2023.102923,lee3710
10.1016/j.fbio.2023.102923,jung6766
10.1016/j.fbio.2023.102923,kim1732
10.1016/j.fbio.2023.102923,jung9304
10.1016/j.fbio.2023.102923,hong6880
10.1016/j.fbio.2023.102923,choi0920
10.1016/j.fbio.2023.102923,yong4943
10.1016/j.fbio.2023.102923,jo3798
10.3389/fsufs.2019.00069,van der weele0541
10.3389/fsufs.2019.00069,driessen1801
10.1016/j.isci.2022.105054,venkatesan2793
10.1016/j.isci.2022.105054,semper8040
10.1016/j.isci.2022.105054,skrivergaard0358
10.1016/j.isci.2022.105054,di leo1541
10.1016/j.isci.2022.105054,mesa0241
10.1016/j.isci.2022.105054,rasmussen8430
10.1016/j.isci.2022.105054,young3356
10.1016/j.isci.2022.105054,therkildsen1416
10.1016/j.isci.2022.105054,stogios1425
10.1016/j.isci.2022.105054,savchenko0963
10.1038/s41467-021-25236-9,kang1251
10.1038/s41467-021-25236-9,louis2314
10.1038/s41467-021-25236-9,liu2516
10.1038/s41467-021-25236-9,shimoda9556
10.1038/s41467-021-25236-9,nishiyama9672
10.1038/s41467-021-25236-9,nozawa6494
10.1038/s41467-021-25236-9,kakitani1490
10.1038/s41467-021-25236-9,takagi8290
10.1038/s41467-021-25236-9,kasa8757
10.1038/s41467-021-25236-9,nagamori7572
10.1038/s41467-021-25236-9,irie5238
10.1038/s41467-021-25236-9,kitano0247
10.1038/s41467-021-25236-9,matsusaki9313
10.1002/jbm.a.37241,allan1037
10.1002/jbm.a.37241,ellis0853
10.1002/jbm.a.37241,de bank7486
10.1002/bit.27469,hanga4052
10.1002/bit.27469,ali4840
10.1002/bit.27469,moutsatsou0123
10.1002/bit.27469,de la raga9383
10.1002/bit.27469,hewitt8977
10.1002/bit.27469,nienow9126
10.1002/bit.27469,wall1334
10.3390/ani12233328,park2828
10.3390/ani12233328,choi9785
10.3390/ani12233328,shim8079
10.3390/foods9020185,orellana7179
10.3390/foods9020185,sánchez6005
10.3390/foods9020185,benavente6433
10.3390/foods9020185,prieto9695
10.3390/foods9020185,enrione6775
10.3390/foods9020185,acevedo1030
10.1038/s43016-022-00601-z,alvaro2937
10.1108/jiabr-01-2022-0002,duasa9345
10.1108/jiabr-01-2022-0002,zainan nazri6658
10.1108/jiabr-01-2022-0002,fatah yasin7833
10.1016/j.appet.2016.10.002,bekker8972
10.1016/j.appet.2016.10.002,fischer5336
10.1016/j.appet.2016.10.002,tobi5441
10.1016/j.appet.2016.10.002,van trijp2938
10.1038/s41467-023-44001-8,zhu8330
10.1038/s41467-023-44001-8,gao3295
10.1038/s41467-023-44001-8,li4093
10.1038/s41467-023-44001-8,yao7743
10.1038/s41467-023-44001-8,wang6467
10.1038/s41467-023-44001-8,zhi8960
10.1038/s41467-023-44001-8,zhang2605
10.1038/s41467-023-44001-8,chen3717
10.1038/s41467-023-44001-8,zhu4466
10.1038/s41467-023-44001-8,gao5865
10.1038/s41467-023-44001-8,chen6448
10.1038/s41467-023-44001-8,zhang7422
10.1038/s41467-023-44001-8,wang5401
10.1038/s41467-023-44001-8,cao4231
10.1038/s41467-023-44001-8,ma5537
10.1038/s41467-023-44001-8,feng6632
10.1038/s41467-023-44001-8,han3279
10.1007/s11673-023-10254-7,anomaly0121
10.1007/s11673-023-10254-7,browning3237
10.1007/s11673-023-10254-7,fleischman4600
10.1007/s11673-023-10254-7,veit9547
10.1093/af/vfac002,chriki1409
10.1093/af/vfac002,ellies-oury6569
10.1093/af/vfac002,hocquette8973
10.3390/polym13172882,lin3884
10.3390/polym13172882,wu9990
10.3390/polym13172882,liu0732
10.3390/polym13172882,fan4555
10.3390/polym13172882,yu2328
10.3390/foods11193037,ashizawa4438
10.3390/foods11193037,rubio1509
10.3390/foods11193037,letcher3581
10.3390/foods11193037,parkinson2711
10.3390/foods11193037,dmitruczyk7669
10.3390/foods11193037,kaplan7774
10.1016/j.biomaterials.2022.121659,xiang0303
10.1016/j.biomaterials.2022.121659,yao5836
10.1016/j.biomaterials.2022.121659,yuen1654
10.1016/j.biomaterials.2022.121659,stout1032
10.1016/j.biomaterials.2022.121659,fennelly8638
10.1016/j.biomaterials.2022.121659,sylvia5521
10.1016/j.biomaterials.2022.121659,schnitzler3976
10.1016/j.biomaterials.2022.121659,wong1271
10.1016/j.biomaterials.2022.121659,kaplan7774
10.3390/su152316164,celebi-birand7375
10.3390/su152316164,genc6502
10.3390/su152316164,agun7923
10.3390/su152316164,erikci4872
10.3390/su152316164,akcali6126
10.3390/su152316164,kiran2959
10.1016/j.matdes.2024.112992,avegnon5003
10.1016/j.matdes.2024.112992,bedke2042
10.1016/j.matdes.2024.112992,minyard9705
10.1016/j.matdes.2024.112992,garda4259
10.1016/j.matdes.2024.112992,delbreilh6219
10.1016/j.matdes.2024.112992,vieille6235
10.1016/j.matdes.2024.112992,negahban4572
10.1016/j.matdes.2024.112992,sealy0668
10.1016/j.meatsci.2022.109081,li1376
10.1016/j.meatsci.2022.109081,van loo8441
10.1016/j.meatsci.2022.109081,trijp4363
10.1016/j.meatsci.2022.109081,chen5190
10.1016/j.meatsci.2022.109081,bai7156
10.3390/su15054009,giezenaar1918
10.3390/su15054009,godfrey8835
10.3390/su15054009,ogilvie9077
10.3390/su15054009,coetzee2589
10.3390/su15054009,weerawarna n.r.p.8813
10.3390/su15054009,foster0840
10.3390/su15054009,hort4543
10.1002/adma.202207397,su5547
10.1002/adma.202207397,jing1645
10.1002/adma.202207397,zeng6948
10.1002/adma.202207397,chen0104
10.1002/adma.202207397,liu9154
10.1002/adma.202207397,kong2167
10.1002/adma.202207397,wang3731
10.1002/adma.202207397,yang2958
10.1002/adma.202207397,fu9022
10.1002/adma.202207397,sun5704
10.1002/adma.202207397,huang3960
10.1038/s41538-024-00257-y,jeong4232
10.1038/s41538-024-00257-y,jang4024
10.1038/s41538-024-00257-y,jung5777
10.1038/s41538-024-00257-y,park5061
10.1038/s41538-024-00257-y,bae4999
10.1016/j.ecolecon.2021.107329,carlsson5026
10.1016/j.ecolecon.2021.107329,kataria5761
10.1016/j.ecolecon.2021.107329,lampi4653
10.1016/j.biomaterials.2021.121107,ong1535
10.1016/j.biomaterials.2021.121107,loo3690
10.1016/j.biomaterials.2021.121107,pang2976
10.1016/j.biomaterials.2021.121107,tan7948
10.1016/j.biomaterials.2021.121107,teng4924
10.1016/j.biomaterials.2021.121107,lou9421
10.1016/j.biomaterials.2021.121107,chin2227
10.1016/j.biomaterials.2021.121107,naik0136
10.1016/j.biomaterials.2021.121107,yu3685
10.1108/bfj-02-2020-0092,palmieri3733
10.1108/bfj-02-2020-0092,perito1288
10.1108/bfj-02-2020-0092,lupi1130
10.1371/journal.pone.0275009,oven5134
10.1371/journal.pone.0275009,yoxon1282
10.1371/journal.pone.0275009,milburn7242
10.1016/j.fbio.2022.101766,guan1368
10.1016/j.fbio.2022.101766,pan3667
10.1016/j.fbio.2022.101766,xu1568
10.1016/j.fbio.2022.101766,zhang3590
10.1016/j.fbio.2022.101766,tang6659
10.1016/j.fbio.2022.101766,du1524
10.1016/j.fbio.2022.101766,zhou6181
10.1038/d41586-020-03448-1,dolgin5227
10.1021/acsbiomaterials.3c01625,hong2266
10.1021/acsbiomaterials.3c01625,do1085
10.1016/j.bbrc.2023.10.018,ghosh8064
10.1016/j.bbrc.2023.10.018,haraguchi6208
10.1016/j.bbrc.2023.10.018,asahi9214
10.1016/j.bbrc.2023.10.018,nakao8739
10.1016/j.bbrc.2023.10.018,shimizu4701
10.1016/j.foodhyd.2024.110412,mukka1610
10.1016/j.foodhyd.2024.110412,ziegler2082
10.1073/pnas.2207782120,mylan1460
10.1073/pnas.2207782120,andrews4938
10.1073/pnas.2207782120,maye6630
10.1038/s41538-019-0054-8,macqueen4817
10.1038/s41538-019-0054-8,alver1898
10.1038/s41538-019-0054-8,chantre9070
10.1038/s41538-019-0054-8,ahn9701
10.1038/s41538-019-0054-8,cera3024
10.1038/s41538-019-0054-8,gonzalez1096
10.1038/s41538-019-0054-8,o’connor7746
10.1038/s41538-019-0054-8,drennan4313
10.1038/s41538-019-0054-8,peters3740
10.1038/s41538-019-0054-8,motta6087
10.1038/s41538-019-0054-8,zimmerman0093
10.1038/s41538-019-0054-8,parker1791
10.1016/j.meatsci.2023.109191,baybars7284
10.1016/j.meatsci.2023.109191,ventura6543
10.1016/j.meatsci.2023.109191,weinrich3726
10.1016/j.foodpol.2022.102376,asioli8450
10.1016/j.foodpol.2022.102376,fuentes-pila0976
10.1016/j.foodpol.2022.102376,alarcón0246
10.1016/j.foodpol.2022.102376,han5508
10.1016/j.foodpol.2022.102376,liu7911
10.1016/j.foodpol.2022.102376,hocquette7855
10.1016/j.foodpol.2022.102376,nayga1873
10.3390/biom12060838,park6143
10.3390/biom12060838,gagliardi9488
10.3390/biom12060838,swennen8990
10.3390/biom12060838,dogan8201
10.3390/biom12060838,kim8412
10.3390/biom12060838,park3785
10.3390/biom12060838,park1097
10.3390/biom12060838,oh0316
10.3390/biom12060838,post3247
10.3390/biom12060838,choi8392
10.3390/gels9010065,rao9981
10.3390/gels9010065,kim9704
10.3390/gels9010065,won5579
10.3390/gels9010065,choi5811
10.3390/gels9010065,han2661
10.1177/2514848619827009,sexton7357
10.1177/2514848619827009,garnett2145
10.1177/2514848619827009,lorimer5155
10.3389/fsufs.2024.1341151,banavar4381
10.3389/fsufs.2024.1341151,sarkarat1820
10.3389/fsufs.2024.1341151,amirvaresi8109
10.3389/fsufs.2024.1341151,li5186
10.3389/fsufs.2024.1341151,nguyen7775
10.3389/fsufs.2024.1341151,kaplan3595
10.3389/fsufs.2024.1341151,nitin7807
10.3389/fsufs.2024.1341151,ovissipour4082
10.1038/s43016-022-00616-6,tuomisto8354
10.1098/rsta.2020.0452,reisinger7188
10.1098/rsta.2020.0452,clark0951
10.1098/rsta.2020.0452,cowie8745
10.1098/rsta.2020.0452,emmet-booth0516
10.1098/rsta.2020.0452,gonzalez fischer7152
10.1098/rsta.2020.0452,herrero5090
10.1098/rsta.2020.0452,howden9671
10.1098/rsta.2020.0452,leahy6738
10.1080/09505431.2016.1171836,stephens0025
10.1080/09505431.2016.1171836,ruivenkamp5660
10.1177/09632719231196535,hopster1790
10.1177/09632719231196535,gerola2935
10.1177/09632719231196535,hofbauer9428
10.1177/09632719231196535,löhr6325
10.1177/09632719231196535,rijssenbeek4667
10.1177/09632719231196535,korenhof8993
10.1021/acs.jafc.3c06919,wang3444
10.1021/acs.jafc.3c06919,ding5769
10.1021/acs.jafc.3c06919,da4862
10.1021/acs.jafc.3c06919,chen0127
10.1021/acs.jafc.3c06919,wu4734
10.1021/acs.jafc.3c06919,li9289
10.1021/acs.jafc.3c06919,zhou2141
10.1021/acs.jafc.3c06919,tang3404
